weight,value,volume,density_value
1,10,1,8.912749866947255
2,20,2,4.937628637770401
3,15,3,1.5903317448631074
4,40,1,8.814839966173933
5,50,2,5.500536826446057
6,60,1,9.568865882730972
2,30,3,5.566884299601487
4,70,2,9.289404617595098
3,80,1,26.86984089653653
1,90,2,47.41410396173206
5,100,3,6.883428466280254
7,110,1,13.238250105927337
8,120,2,7.1428499366294504
9,130,3,5.984246566287677
10,140,1,13.369104989085265
